Workbook

Sheet 0_Key
A1: Priority | B1: Type | C1: Description | D1: Frequency | E1: Day | F1: Date | G1: Status | H1: Portal | I1: Prerequisite | J1: Prerequisite Status
A2: High | B2: Professional | C2: AI Practitioner / Certifications | D2: Daily | E2: Daily | F2: 45658 | G2: Completed | H2: AWS Certification | I2: Onboarding | J2: Completed
A3: High | B3: Health | C3: Speed Ball / Bike / Run | D3: Daily | E3: Daily | F3: 45658 | G3: Completed | H3: N/A | I3: Equipment | J3: Completed
A4: High | B4: Corporate | C4: Project Health | D4: Daily | E4: Daily | F4: 45658 | G4: Completed | H4: Home | Salesforce | I4: Onboarding | J4: Completed
A5: Medium | B5: Mental | C5: Journaling | D5: Weekly | E5: Wed | F5: 45658 | G5: Completed | H5: S3 | I5: Directory | J5: Completed
A6: Medium | B6: Horticultural | C6: Water Plants | D6: Weekly | E6: Fri | F6: 45660 | G6: Not Started | H6: N/A | I6: H2O | J6: Completed
A7: Medium | B7: Creative | C7: SmallBiz / Media Production | D7: Weekly | E7: Fri-Mon | F7: 45661 | G7: Not Started | H7: OpenAI / YouTube | I7: Media Tools | J7: Completed
A8: Medium | B8: Extracurricular | C8: Drone | D8: Weekly | E8: Sat | F8: 45661 | G8: Not Started | H8: YouTube | I8: Channel | J8: Completed
A9: High | B9: Family | C9: Breakfast / Lunch / Dinner | D9: Weekly | E9: Sun | F9: 45662 | G9: Not Started | H9: N/A | I9: Availability | J9: Completed
A10: Medium | B10: Travel | C10: Q1 '25 - Q3 '25 APAC Trip | D10: Weekly | E10: Sun | F10: 45662 | G10: Not Started | H10: Hopper / Airbnb | I10: Onboarding | J10: Completed
A11: Medium | B11: Spiritual | C11: Church / Philanthropy / Charity | D11: Bi-Weekly | E11: Sun | F11: 45662 | G11: Not Started | H11: N/A | I11: Onboarding | J11: Completed

Sheet Baseline
E1: =TODAY() -> 46246 | F1: 45658 | G1: 45659 | H1: 45660 | I1: 45661 | J1: 45662 | K1: 45663 | L1: 45664 | M1: 45665 | N1: 45666 | O1: 45667 | P1: 45668 | Q1: 45669 | R1: 45670 | S1: 45671 | T1: 45672 | U1: 45673 | V1: 45674 | W1: 45675 | X1: 45676 | Y1: 45677 | Z1: 45678 | AA1: 45679 | AB1: 45680 | AC1: 45681 | AD1: 45682 | AE1: 45683 | AF1: 45684 | AG1: 45685 | AH1: 45686 | AI1: 45687 | AJ1: 45688 | AK1: 45689 | AL1: 45690 | AM1: 45691 | AN1: 45692 | AO1: 45693 | AP1: 45694 | AQ1: 45695 | AR1: 45696 | AS1: 45697 | AT1: 45698 | AU1: 45699 | AV1: 45700 | AW1: 45701 | AX1: 45702 | AY1: 45703 | AZ1: 45704 | BA1: 45705 | BB1: 45706 | BC1: 45707 | BD1: 45708 | BE1: 45709 | BF1: 45710 | BG1: 45711 | BH1: 45712 | BI1: 45713 | BJ1: 45714 | BK1: 45715 | BL1: 45716 | BM1: 45717 | BN1: 45718 | BO1: 45719 | BP1: 45720 | BQ1: 45721 | BR1: 45722 | BS1: 45723 | BT1: 45724 | BU1: 45725 | BV1: 45726 | BW1: 45727 | BX1: 45728 | BY1: 45729 | BZ1: 45730 | CA1: 45731 | CB1: 45732 | CC1: 45733 | CD1: 45734 | CE1: 45735 | CF1: 45736 | CG1: 45737 | CH1: 45738 | CI1: 45739 | CJ1: 45740 | CK1: 45741 | CL1: 45742 | CM1: 45743 | CN1: 45744 | CO1: 45745 | CP1: 45746 | CQ1: 45747 | CR1: 45748 | CS1: 45749 | CT1: 45750 | CU1: 45751 | CV1: 45752 | CW1: 45753 | CX1: 45754 | CY1: 45755 | CZ1: 45756 | DA1: 45757 | DB1: 45758 | DC1: 45759 | DD1: 45760 | DE1: 45761 | DF1: 45762 | DG1: 45763 | DH1: 45764 | DI1: 45765 | DJ1: 45766 | DK1: 45767 | DL1: 45768 | DM1: 45769 | DN1: 45770 | DO1: 45771 | DP1: 45772 | DQ1: 45773 | DR1: 45774 | DS1: 45775 | DT1: 45776 | DU1: 45777 | DV1: 45778 | DW1: 45779 | DX1: 45780 | DY1: 45781 | DZ1: 45782 | EA1: 45783 | EB1: 45784 | EC1: 45785 | ED1: 45786 | EE1: 45787 | EF1: 45788 | EG1: 45789 | EH1: 45790 | EI1: 45791 | EJ1: 45792 | EK1: 45793 | EL1: 45794 | EM1: 45795 | EN1: 45796 | EO1: 45797 | EP1: 45798 | EQ1: 45799 | ER1: 45800 | ES1: 45801 | ET1: 45802 | EU1: 45803 | EV1: 45804 | EW1: 45805 | EX1: 45806 | EY1: 45807 | EZ1: 45808 | FA1: 45809 | FB1: 45810 | FC1: 45811 | FD1: 45812 | FE1: 45813 | FF1: 45814 | FG1: 45815 | FH1: 45816 | FI1: 45817 | FJ1: 45818 | FK1: 45819 | FL1: 45820 | FM1: 45821 | FN1: 45822 | FO1: 45823 | FP1: 45824 | FQ1: 45825 | FR1: 45826 | FS1: 45827 | FT1: 45828 | FU1: 45829 | FV1: 45830 | FW1: 45831 | FX1: 45832 | FY1: 45833 | FZ1: 45834 | GA1: 45835 | GB1: 45836 | GC1: 45837 | GD1: 45838 | GE1: 45839 | GF1: 45840 | GG1: 45841 | GH1: 45842 | GI1: 45843 | GJ1: 45844 | GK1: 45845 | GL1: 45846 | GM1: 45847 | GN1: 45848 | GO1: 45849 | GP1: 45850 | GQ1: 45851 | GR1: 45852 | GS1: 45853 | GT1: 45854 | GU1: 45855 | GV1: 45856 | GW1: 45857 | GX1: 45858 | GY1: 45859 | GZ1: 45860 | HA1: 45861 | HB1: 45862 | HC1: 45863 | HD1: 45864 | HE1: 45865 | HF1: 45866 | HG1: 45867 | HH1: 45868 | HI1: 45869 | HJ1: 45870 | HK1: 45871 | HL1: 45872 | HM1: 45873 | HN1: 45874 | HO1: 45875 | HP1: 45876 | HQ1: 45877 | HR1: 45878 | HS1: 45879 | HT1: 45880 | HU1: 45881 | HV1: 45882 | HW1: 45883 | HX1: 45884 | HY1: 45885 | HZ1: 45886 | IA1: 45887 | IB1: 45888 | IC1: 45889 | ID1: 45890 | IE1: 45891 | IF1: 45892 | IG1: 45893 | IH1: 45894 | II1: 45895 | IJ1: 45896 | IK1: 45897 | IL1: 45898 | IM1: 45899 | IN1: 45900 | IO1: 45901 | IP1: 45902 | IQ1: 45903 | IR1: 45904 | IS1: 45905 | IT1: 45906 | IU1: 45907 | IV1: 45908 | IW1: 45909 | IX1: 45910 | IY1: 45911 | IZ1: 45912 | JA1: 45913 | JB1: 45914 | JC1: 45915 | JD1: 45916 | JE1: 45917 | JF1: 45918 | JG1: 45919 | JH1: 45920 | JI1: 45921 | JJ1: 45922 | JK1: 45923 | JL1: 45924 | JM1: 45925 | JN1: 45926 | JO1: 45927 | JP1: 45928 | JQ1: 45929 | JR1: 45930 | JS1: 45931 | JT1: 45932 | JU1: 45933 | JV1: 45934 | JW1: 45935 | JX1: 45936 | JY1: 45937 | JZ1: 45938 | KA1: 45939 | KB1: 45940 | KC1: 45941 | KD1: 45942 | KE1: 45943 | KF1: 45944 | KG1: 45945 | KH1: 45946 | KI1: 45947 | KJ1: 45948 | KK1: 45949 | KL1: 45950 | KM1: 45951 | KN1: 45952 | KO1: 45953 | KP1: 45954 | KQ1: 45955 | KR1: 45956 | KS1: 45957 | KT1: 45958 | KU1: 45959 | KV1: 45960 | KW1: 45961 | KX1: 45962 | KY1: 45963 | KZ1: 45964 | LA1: 45965 | LB1: 45966 | LC1: 45967 | LD1: 45968 | LE1: 45969 | LF1: 45970 | LG1: 45971 | LH1: 45972 | LI1: 45973 | LJ1: 45974 | LK1: 45975 | LL1: 45976 | LM1: 45977 | LN1: 45978 | LO1: 45979 | LP1: 45980 | LQ1: 45981 | LR1: 45982 | LS1: 45983 | LT1: 45984 | LU1: 45985 | LV1: 45986 | LW1: 45987 | LX1: 45988 | LY1: 45989 | LZ1: 45990 | MA1: 45991 | MB1: 45992 | MC1: 45993 | MD1: 45994 | ME1: 45995 | MF1: 45996 | MG1: 45997 | MH1: 45998 | MI1: 45999 | MJ1: 46000 | MK1: 46001 | ML1: 46002 | MM1: 46003 | MN1: 46004 | MO1: 46005 | MP1: 46006 | MQ1: 46007 | MR1: 46008 | MS1: 46009 | MT1: 46010 | MU1: 46011 | MV1: 46012 | MW1: 46013 | MX1: 46014 | MY1: 46015 | MZ1: 46016 | NA1: 46017 | NB1: 46018 | NC1: 46019 | ND1: 46020 | NE1: 46021 | NF1: 46022 | NG1: NS | NH1: C | NI1: F
A2: ='0_Key'!A1 -> Priority | B2: ='0_Key'!B1 -> Type | C2: ='0_Key'!D1 -> Frequency | D2: ='0_Key'!E1 -> Day | E2: Description | Day | F2: 45658 | G2: 45659 | H2: 45660 | I2: 45661 | J2: 45662 | K2: 45663 | L2: 45664 | M2: 45665 | N2: 45666 | O2: 45667 | P2: 45668 | Q2: 45669 | R2: 45670 | S2: 45671 | T2: 45672 | U2: 45673 | V2: 45674 | W2: 45675 | X2: 45676 | Y2: 45677 | Z2: 45678 | AA2: 45679 | AB2: 45680 | AC2: 45681 | AD2: 45682 | AE2: 45683 | AF2: 45684 | AG2: 45685 | AH2: 45686 | AI2: 45687 | AJ2: 45688 | AK2: 45689 | AL2: 45690 | AM2: 45691 | AN2: 45692 | AO2: 45693 | AP2: 45694 | AQ2: 45695 | AR2: 45696 | AS2: 45697 | AT2: 45698 | AU2: 45699 | AV2: 45700 | AW2: 45701 | AX2: 45702 | AY2: 45703 | AZ2: 45704 | BA2: 45705 | BB2: 45706 | BC2: 45707 | BD2: 45708 | BE2: 45709 | BF2: 45710 | BG2: 45711 | BH2: 45712 | BI2: 45713 | BJ2: 45714 | BK2: 45715 | BL2: 45716 | BM2: 45717 | BN2: 45718 | BO2: 45719 | BP2: 45720 | BQ2: 45721 | BR2: 45722 | BS2: 45723 | BT2: 45724 | BU2: 45725 | BV2: 45726 | BW2: 45727 | BX2: 45728 | BY2: 45729 | BZ2: 45730 | CA2: 45731 | CB2: 45732 | CC2: 45733 | CD2: 45734 | CE2: 45735 | CF2: 45736 | CG2: 45737 | CH2: 45738 | CI2: 45739 | CJ2: 45740 | CK2: 45741 | CL2: 45742 | CM2: 45743 | CN2: 45744 | CO2: 45745 | CP2: 45746 | CQ2: 45747 | CR2: 45748 | CS2: 45749 | CT2: 45750 | CU2: 45751 | CV2: 45752 | CW2: 45753 | CX2: 45754 | CY2: 45755 | CZ2: 45756 | DA2: 45757 | DB2: 45758 | DC2: 45759 | DD2: 45760 | DE2: 45761 | DF2: 45762 | DG2: 45763 | DH2: 45764 | DI2: 45765 | DJ2: 45766 | DK2: 45767 | DL2: 45768 | DM2: 45769 | DN2: 45770 | DO2: 45771 | DP2: 45772 | DQ2: 45773 | DR2: 45774 | DS2: 45775 | DT2: 45776 | DU2: 45777 | DV2: 45778 | DW2: 45779 | DX2: 45780 | DY2: 45781 | DZ2: 45782 | EA2: 45783 | EB2: 45784 | EC2: 45785 | ED2: 45786 | EE2: 45787 | EF2: 45788 | EG2: 45789 | EH2: 45790 | EI2: 45791 | EJ2: 45792 | EK2: 45793 | EL2: 45794 | EM2: 45795 | EN2: 45796 | EO2: 45797 | EP2: 45798 | EQ2: 45799 | ER2: 45800 | ES2: 45801 | ET2: 45802 | EU2: 45803 | EV2: 45804 | EW2: 45805 | EX2: 45806 | EY2: 45807 | EZ2: 45808 | FA2: 45809 | FB2: 45810 | FC2: 45811 | FD2: 45812 | FE2: 45813 | FF2: 45814 | FG2: 45815 | FH2: 45816 | FI2: 45817 | FJ2: 45818 | FK2: 45819 | FL2: 45820 | FM2: 45821 | FN2: 45822 | FO2: 45823 | FP2: 45824 | FQ2: 45825 | FR2: 45826 | FS2: 45827 | FT2: 45828 | FU2: 45829 | FV2: 45830 | FW2: 45831 | FX2: 45832 | FY2: 45833 | FZ2: 45834 | GA2: 45835 | GB2: 45836 | GC2: 45837 | GD2: 45838 | GE2: 45839 | GF2: 45840 | GG2: 45841 | GH2: 45842 | GI2: 45843 | GJ2: 45844 | GK2: 45845 | GL2: 45846 | GM2: 45847 | GN2: 45848 | GO2: 45849 | GP2: 45850 | GQ2: 45851 | GR2: 45852 | GS2: 45853 | GT2: 45854 | GU2: 45855 | GV2: 45856 | GW2: 45857 | GX2: 45858 | GY2: 45859 | GZ2: 45860 | HA2: 45861 | HB2: 45862 | HC2: 45863 | HD2: 45864 | HE2: 45865 | HF2: 45866 | HG2: 45867 | HH2: 45868 | HI2: 45869 | HJ2: 45870 | HK2: 45871 | HL2: 45872 | HM2: 45873 | HN2: 45874 | HO2: 45875 | HP2: 45876 | HQ2: 45877 | HR2: 45878 | HS2: 45879 | HT2: 45880 | HU2: 45881 | HV2: 45882 | HW2: 45883 | HX2: 45884 | HY2: 45885 | HZ2: 45886 | IA2: 45887 | IB2: 45888 | IC2: 45889 | ID2: 45890 | IE2: 45891 | IF2: 45892 | IG2: 45893 | IH2: 45894 | II2: 45895 | IJ2: 45896 | IK2: 45897 | IL2: 45898 | IM2: 45899 | IN2: 45900 | IO2: 45901 | IP2: 45902 | IQ2: 45903 | IR2: 45904 | IS2: 45905 | IT2: 45906 | IU2: 45907 | IV2: 45908 | IW2: 45909 | IX2: 45910 | IY2: 45911 | IZ2: 45912 | JA2: 45913 | JB2: 45914 | JC2: 45915 | JD2: 45916 | JE2: 45917 | JF2: 45918 | JG2: 45919 | JH2: 45920 | JI2: 45921 | JJ2: 45922 | JK2: 45923 | JL2: 45924 | JM2: 45925 | JN2: 45926 | JO2: 45927 | JP2: 45928 | JQ2: 45929 | JR2: 45930 | JS2: 45931 | JT2: 45932 | JU2: 45933 | JV2: 45934 | JW2: 45935 | JX2: 45936 | JY2: 45937 | JZ2: 45938 | KA2: 45939 | KB2: 45940 | KC2: 45941 | KD2: 45942 | KE2: 45943 | KF2: 45944 | KG2: 45945 | KH2: 45946 | KI2: 45947 | KJ2: 45948 | KK2: 45949 | KL2: 45950 | KM2: 45951 | KN2: 45952 | KO2: 45953 | KP2: 45954 | KQ2: 45955 | KR2: 45956 | KS2: 45957 | KT2: 45958 | KU2: 45959 | KV2: 45960 | KW2: 45961 | KX2: 45962 | KY2: 45963 | KZ2: 45964 | LA2: 45965 | LB2: 45966 | LC2: 45967 | LD2: 45968 | LE2: 45969 | LF2: 45970 | LG2: 45971 | LH2: 45972 | LI2: 45973 | LJ2: 45974 | LK2: 45975 | LL2: 45976 | LM2: 45977 | LN2: 45978 | LO2: 45979 | LP2: 45980 | LQ2: 45981 | LR2: 45982 | LS2: 45983 | LT2: 45984 | LU2: 45985 | LV2: 45986 | LW2: 45987 | LX2: 45988 | LY2: 45989 | LZ2: 45990 | MA2: 45991 | MB2: 45992 | MC2: 45993 | MD2: 45994 | ME2: 45995 | MF2: 45996 | MG2: 45997 | MH2: 45998 | MI2: 45999 | MJ2: 46000 | MK2: 46001 | ML2: 46002 | MM2: 46003 | MN2: 46004 | MO2: 46005 | MP2: 46006 | MQ2: 46007 | MR2: 46008 | MS2: 46009 | MT2: 46010 | MU2: 46011 | MV2: 46012 | MW2: 46013 | MX2: 46014 | MY2: 46015 | MZ2: 46016 | NA2: 46017 | NB2: 46018 | NC2: 46019 | ND2: 46020 | NE2: 46021 | NF2: 46022
A3: ='0_Key'!A2 -> High | B3: ='0_Key'!B2 -> Professional | C3: ='0_Key'!D2 -> Daily | D3: ='0_Key'!E2 -> Daily | E3: ='0_Key'!C2 -> AI Practitioner / Certifications | F3: C | G3: C | H3: NS | I3: NS | J3: NS | K3: NS | L3: NS | M3: NS | N3: NS | O3: NS | P3: NS | Q3: NS | R3: NS | S3: NS | T3: NS | U3: NS | V3: NS | W3: NS | X3: NS | Y3: NS | Z3: NS | AA3: NS | AB3: NS | AC3: NS | AD3: NS | AE3: NS | AF3: NS | AG3: NS | AH3: NS | AI3: NS | AJ3: NS | AK3: NS | AL3: NS | AM3: NS | AN3: NS | AO3: NS | AP3: NS | AQ3: NS | AR3: NS | AS3: NS | AT3: NS | AU3: NS | AV3: NS | AW3: NS | AX3: NS | AY3: NS | AZ3: NS | BA3: NS | BB3: NS | BC3: NS | BD3: NS | BE3: NS | BF3: NS | BG3: NS | BH3: NS | BI3: NS | BJ3: NS | BK3: NS | BL3: NS | BM3: NS | BN3: NS | BO3: NS | BP3: NS | BQ3: NS | BR3: NS | BS3: NS | BT3: NS | BU3: NS | BV3: NS | BW3: NS | BX3: NS | BY3: NS | BZ3: NS | CA3: NS | CB3: NS | CC3: NS | CD3: NS | CE3: NS | CF3: NS | CG3: NS | CH3: NS | CI3: NS | CJ3: NS | CK3: NS | CL3: NS | CM3: NS | CN3: NS | CO3: NS | CP3: NS | CQ3: NS | CR3: NS | CS3: NS | CT3: NS | CU3: NS | CV3: NS | CW3: NS | CX3: NS | CY3: NS | CZ3: NS | DA3: NS | DB3: NS | DC3: NS | DD3: NS | DE3: NS | DF3: NS | DG3: NS | DH3: NS | DI3: NS | DJ3: NS | DK3: NS | DL3: NS | DM3: NS | DN3: NS | DO3: NS | DP3: NS | DQ3: NS | DR3: NS | DS3: NS | DT3: NS | DU3: NS | DV3: NS | DW3: NS | DX3: NS | DY3: NS | DZ3: NS | EA3: NS | EB3: NS | EC3: NS | ED3: NS | EE3: NS | EF3: NS | EG3: NS | EH3: NS | EI3: NS | EJ3: NS | EK3: NS | EL3: NS | EM3: NS | EN3: NS | EO3: NS | EP3: NS | EQ3: NS | ER3: NS | ES3: NS | ET3: NS | EU3: NS | EV3: NS | EW3: NS | EX3: NS | EY3: NS | EZ3: NS | FA3: NS | FB3: NS | FC3: NS | FD3: NS | FE3: NS | FF3: NS | FG3: NS | FH3: NS | FI3: NS | FJ3: NS | FK3: NS | FL3: NS | FM3: NS | FN3: NS | FO3: NS | FP3: NS | FQ3: NS | FR3: NS | FS3: NS | FT3: NS | FU3: NS | FV3: NS | FW3: NS | FX3: NS | FY3: NS | FZ3: NS | GA3: NS | GB3: NS | GC3: NS | GD3: NS | GE3: NS | GF3: NS | GG3: NS | GH3: NS | GI3: NS | GJ3: NS | GK3: NS | GL3: NS | GM3: NS | GN3: NS | GO3: NS | GP3: NS | GQ3: NS | GR3: NS | GS3: NS | GT3: NS | GU3: NS | GV3: NS | GW3: NS | GX3: NS | GY3: NS | GZ3: NS | HA3: NS | HB3: NS | HC3: NS | HD3: NS | HE3: NS | HF3: NS | HG3: NS | HH3: NS | HI3: NS | HJ3: NS | HK3: NS | HL3: NS | HM3: NS | HN3: NS | HO3: NS | HP3: NS | HQ3: NS | HR3: NS | HS3: NS | HT3: NS | HU3: NS | HV3: NS | HW3: NS | HX3: NS | HY3: NS | HZ3: NS | IA3: NS | IB3: NS | IC3: NS | ID3: NS | IE3: NS | IF3: NS | IG3: NS | IH3: NS | II3: NS | IJ3: NS | IK3: NS | IL3: NS | IM3: NS | IN3: NS | IO3: NS | IP3: NS | IQ3: NS | IR3: NS | IS3: NS | IT3: NS | IU3: NS | IV3: NS | IW3: NS | IX3: NS | IY3: NS | IZ3: NS | JA3: NS | JB3: NS | JC3: NS | JD3: NS | JE3: NS | JF3: NS | JG3: NS | JH3: NS | JI3: NS | JJ3: NS | JK3: NS | JL3: NS | JM3: NS | JN3: NS | JO3: NS | JP3: NS | JQ3: NS | JR3: NS | JS3: NS | JT3: NS | JU3: NS | JV3: NS | JW3: NS | JX3: NS | JY3: NS | JZ3: NS | KA3: NS | KB3: NS | KC3: NS | KD3: NS | KE3: NS | KF3: NS | KG3: NS | KH3: NS | KI3: NS | KJ3: NS | KK3: NS | KL3: NS | KM3: NS | KN3: NS | KO3: NS | KP3: NS | KQ3: NS | KR3: NS | KS3: NS | KT3: NS | KU3: NS | KV3: NS | KW3: NS | KX3: NS | KY3: NS | KZ3: NS | LA3: NS | LB3: NS | LC3: NS | LD3: NS | LE3: NS | LF3: NS | LG3: NS | LH3: NS | LI3: NS | LJ3: NS | LK3: NS | LL3: NS | LM3: NS | LN3: NS | LO3: NS | LP3: NS | LQ3: NS | LR3: NS | LS3: NS | LT3: NS | LU3: NS | LV3: NS | LW3: NS | LX3: NS | LY3: NS | LZ3: NS | MA3: NS | MB3: NS | MC3: NS | MD3: NS | ME3: NS | MF3: NS | MG3: NS | MH3: NS | MI3: NS | MJ3: NS | MK3: NS | ML3: NS | MM3: NS | MN3: NS | MO3: NS | MP3: NS | MQ3: NS | MR3: NS | MS3: NS | MT3: NS | MU3: NS | MV3: NS | MW3: NS | MX3: NS | MY3: NS | MZ3: NS | NA3: NS | NB3: NS | NC3: NS | ND3: NS | NE3: NS | NF3: NS | NG3: =COUNTIF(F3:NF3,"NS") -> 363 | NH3: =COUNTIF(F3:NF3,"C") -> 2 | NI3: =COUNTIF(F3:NF3,"F") -> 0
A4: ='0_Key'!A3 -> High | B4: ='0_Key'!B3 -> Health | C4: ='0_Key'!D3 -> Daily | D4: ='0_Key'!E3 -> Daily | E4: ='0_Key'!C3 -> Speed Ball / Bike / Run | F4: F | G4: C | H4: NS | I4: NS | J4: NS | K4: NS | L4: NS | M4: NS | N4: NS | O4: NS | P4: NS | Q4: NS | R4: NS | S4: NS | T4: NS | U4: NS | V4: NS | W4: NS | X4: NS | Y4: NS | Z4: NS | AA4: NS | AB4: NS | AC4: NS | AD4: NS | AE4: NS | AF4: NS | AG4: NS | AH4: NS | AI4: NS | AJ4: NS | AK4: NS | AL4: NS | AM4: NS | AN4: NS | AO4: NS | AP4: NS | AQ4: NS | AR4: NS | AS4: NS | AT4: NS | AU4: NS | AV4: NS | AW4: NS | AX4: NS | AY4: NS | AZ4: NS | BA4: NS | BB4: NS | BC4: NS | BD4: NS | BE4: NS | BF4: NS | BG4: NS | BH4: NS | BI4: NS | BJ4: NS | BK4: NS | BL4: NS | BM4: NS | BN4: NS | BO4: NS | BP4: NS | BQ4: NS | BR4: NS | BS4: NS | BT4: NS | BU4: NS | BV4: NS | BW4: NS | BX4: NS | BY4: NS | BZ4: NS | CA4: NS | CB4: NS | CC4: NS | CD4: NS | CE4: NS | CF4: NS | CG4: NS | CH4: NS | CI4: NS | CJ4: NS | CK4: NS | CL4: NS | CM4: NS | CN4: NS | CO4: NS | CP4: NS | CQ4: NS | CR4: NS | CS4: NS | CT4: NS | CU4: NS | CV4: NS | CW4: NS | CX4: NS | CY4: NS | CZ4: NS | DA4: NS | DB4: NS | DC4: NS | DD4: NS | DE4: NS | DF4: NS | DG4: NS | DH4: NS | DI4: NS | DJ4: NS | DK4: NS | DL4: NS | DM4: NS | DN4: NS | DO4: NS | DP4: NS | DQ4: NS | DR4: NS | DS4: NS | DT4: NS | DU4: NS | DV4: NS | DW4: NS | DX4: NS | DY4: NS | DZ4: NS | EA4: NS | EB4: NS | EC4: NS | ED4: NS | EE4: NS | EF4: NS | EG4: NS | EH4: NS | EI4: NS | EJ4: NS | EK4: NS | EL4: NS | EM4: NS | EN4: NS | EO4: NS | EP4: NS | EQ4: NS | ER4: NS | ES4: NS | ET4: NS | EU4: NS | EV4: NS | EW4: NS | EX4: NS | EY4: NS | EZ4: NS | FA4: NS | FB4: NS | FC4: NS | FD4: NS | FE4: NS | FF4: NS | FG4: NS | FH4: NS | FI4: NS | FJ4: NS | FK4: NS | FL4: NS | FM4: NS | FN4: NS | FO4: NS | FP4: NS | FQ4: NS | FR4: NS | FS4: NS | FT4: NS | FU4: NS | FV4: NS | FW4: NS | FX4: NS | FY4: NS | FZ4: NS | GA4: NS | GB4: NS | GC4: NS | GD4: NS | GE4: NS | GF4: NS | GG4: NS | GH4: NS | GI4: NS | GJ4: NS | GK4: NS | GL4: NS | GM4: NS | GN4: NS | GO4: NS | GP4: NS | GQ4: NS | GR4: NS | GS4: NS | GT4: NS | GU4: NS | GV4: NS | GW4: NS | GX4: NS | GY4: NS | GZ4: NS | HA4: NS | HB4: NS | HC4: NS | HD4: NS | HE4: NS | HF4: NS | HG4: NS | HH4: NS | HI4: NS | HJ4: NS | HK4: NS | HL4: NS | HM4: NS | HN4: NS | HO4: NS | HP4: NS | HQ4: NS | HR4: NS | HS4: NS | HT4: NS | HU4: NS | HV4: NS | HW4: NS | HX4: NS | HY4: NS | HZ4: NS | IA4: NS | IB4: NS | IC4: NS | ID4: NS | IE4: NS | IF4: NS | IG4: NS | IH4: NS | II4: NS | IJ4: NS | IK4: NS | IL4: NS | IM4: NS | IN4: NS | IO4: NS | IP4: NS | IQ4: NS | IR4: NS | IS4: NS | IT4: NS | IU4: NS | IV4: NS | IW4: NS | IX4: NS | IY4: NS | IZ4: NS | JA4: NS | JB4: NS | JC4: NS | JD4: NS | JE4: NS | JF4: NS | JG4: NS | JH4: NS | JI4: NS | JJ4: NS | JK4: NS | JL4: NS | JM4: NS | JN4: NS | JO4: NS | JP4: NS | JQ4: NS | JR4: NS | JS4: NS | JT4: NS | JU4: NS | JV4: NS | JW4: NS | JX4: NS | JY4: NS | JZ4: NS | KA4: NS | KB4: NS | KC4: NS | KD4: NS | KE4: NS | KF4: NS | KG4: NS | KH4: NS | KI4: NS | KJ4: NS | KK4: NS | KL4: NS | KM4: NS | KN4: NS | KO4: NS | KP4: NS | KQ4: NS | KR4: NS | KS4: NS | KT4: NS | KU4: NS | KV4: NS | KW4: NS | KX4: NS | KY4: NS | KZ4: NS | LA4: NS | LB4: NS | LC4: NS | LD4: NS | LE4: NS | LF4: NS | LG4: NS | LH4: NS | LI4: NS | LJ4: NS | LK4: NS | LL4: NS | LM4: NS | LN4: NS | LO4: NS | LP4: NS | LQ4: NS | LR4: NS | LS4: NS | LT4: NS | LU4: NS | LV4: NS | LW4: NS | LX4: NS | LY4: NS | LZ4: NS | MA4: NS | MB4: NS | MC4: NS | MD4: NS | ME4: NS | MF4: NS | MG4: NS | MH4: NS | MI4: NS | MJ4: NS | MK4: NS | ML4: NS | MM4: NS | MN4: NS | MO4: NS | MP4: NS | MQ4: NS | MR4: NS | MS4: NS | MT4: NS | MU4: NS | MV4: NS | MW4: NS | MX4: NS | MY4: NS | MZ4: NS | NA4: NS | NB4: NS | NC4: NS | ND4: NS | NE4: NS | NF4: NS | NG4: =COUNTIF(F4:NF4,"NS") -> 363 | NH4: =COUNTIF(F4:NF4,"C") -> 1 | NI4: =COUNTIF(F4:NF4,"F") -> 1
A5: ='0_Key'!A4 -> High | B5: ='0_Key'!B4 -> Corporate | C5: ='0_Key'!D4 -> Daily | D5: ='0_Key'!E4 -> Daily | E5: ='0_Key'!C4 -> Project Health | F5: C | G5: NS | H5: NS | I5: NS | J5: NS | K5: NS | L5: NS | M5: NS | N5: NS | O5: NS | P5: NS | Q5: NS | R5: NS | S5: NS | T5: NS | U5: NS | V5: NS | W5: NS | X5: NS | Y5: NS | Z5: NS | AA5: NS | AB5: NS | AC5: NS | AD5: NS | AE5: NS | AF5: NS | AG5: NS | AH5: NS | AI5: NS | AJ5: NS | AK5: NS | AL5: NS | AM5: NS | AN5: NS | AO5: NS | AP5: NS | AQ5: NS | AR5: NS | AS5: NS | AT5: NS | AU5: NS | AV5: NS | AW5: NS | AX5: NS | AY5: NS | AZ5: NS | BA5: NS | BB5: NS | BC5: NS | BD5: NS | BE5: NS | BF5: NS | BG5: NS | BH5: NS | BI5: NS | BJ5: NS | BK5: NS | BL5: NS | BM5: NS | BN5: NS | BO5: NS | BP5: NS | BQ5: NS | BR5: NS | BS5: NS | BT5: NS | BU5: NS | BV5: NS | BW5: NS | BX5: NS | BY5: NS | BZ5: NS | CA5: NS | CB5: NS | CC5: NS | CD5: NS | CE5: NS | CF5: NS | CG5: NS | CH5: NS | CI5: NS | CJ5: NS | CK5: NS | CL5: NS | CM5: NS | CN5: NS | CO5: NS | CP5: NS | CQ5: NS | CR5: NS | CS5: NS | CT5: NS | CU5: NS | CV5: NS | CW5: NS | CX5: NS | CY5: NS | CZ5: NS | DA5: NS | DB5: NS | DC5: NS | DD5: NS | DE5: NS | DF5: NS | DG5: NS | DH5: NS | DI5: NS | DJ5: NS | DK5: NS | DL5: NS | DM5: NS | DN5: NS | DO5: NS | DP5: NS | DQ5: NS | DR5: NS | DS5: NS | DT5: NS | DU5: NS | DV5: NS | DW5: NS | DX5: NS | DY5: NS | DZ5: NS | EA5: NS | EB5: NS | EC5: NS | ED5: NS | EE5: NS | EF5: NS | EG5: NS | EH5: NS | EI5: NS | EJ5: NS | EK5: NS | EL5: NS | EM5: NS | EN5: NS | EO5: NS | EP5: NS | EQ5: NS | ER5: NS | ES5: NS | ET5: NS | EU5: NS | EV5: NS | EW5: NS | EX5: NS | EY5: NS | EZ5: NS | FA5: NS | FB5: NS | FC5: NS | FD5: NS | FE5: NS | FF5: NS | FG5: NS | FH5: NS | FI5: NS | FJ5: NS | FK5: NS | FL5: NS | FM5: NS | FN5: NS | FO5: NS | FP5: NS | FQ5: NS | FR5: NS | FS5: NS | FT5: NS | FU5: NS | FV5: NS | FW5: NS | FX5: NS | FY5: NS | FZ5: NS | GA5: NS | GB5: NS | GC5: NS | GD5: NS | GE5: NS | GF5: NS | GG5: NS | GH5: NS | GI5: NS | GJ5: NS | GK5: NS | GL5: NS | GM5: NS | GN5: NS | GO5: NS | GP5: NS | GQ5: NS | GR5: NS | GS5: NS | GT5: NS | GU5: NS | GV5: NS | GW5: NS | GX5: NS | GY5: NS | GZ5: NS | HA5: NS | HB5: NS | HC5: NS | HD5: NS | HE5: NS | HF5: NS | HG5: NS | HH5: NS | HI5: NS | HJ5: NS | HK5: NS | HL5: NS | HM5: NS | HN5: NS | HO5: NS | HP5: NS | HQ5: NS | HR5: NS | HS5: NS | HT5: NS | HU5: NS | HV5: NS | HW5: NS | HX5: NS | HY5: NS | HZ5: NS | IA5: NS | IB5: NS | IC5: NS | ID5: NS | IE5: NS | IF5: NS | IG5: NS | IH5: NS | II5: NS | IJ5: NS | IK5: NS | IL5: NS | IM5: NS | IN5: NS | IO5: NS | IP5: NS | IQ5: NS | IR5: NS | IS5: NS | IT5: NS | IU5: NS | IV5: NS | IW5: NS | IX5: NS | IY5: NS | IZ5: NS | JA5: NS | JB5: NS | JC5: NS | JD5: NS | JE5: NS | JF5: NS | JG5: NS | JH5: NS | JI5: NS | JJ5: NS | JK5: NS | JL5: NS | JM5: NS | JN5: NS | JO5: NS | JP5: NS | JQ5: NS | JR5: NS | JS5: NS | JT5: NS | JU5: NS | JV5: NS | JW5: NS | JX5: NS | JY5: NS | JZ5: NS | KA5: NS | KB5: NS | KC5: NS | KD5: NS | KE5: NS | KF5: NS | KG5: NS | KH5: NS | KI5: NS | KJ5: NS | KK5: NS | KL5: NS | KM5: NS | KN5: NS | KO5: NS | KP5: NS | KQ5: NS | KR5: NS | KS5: NS | KT5: NS | KU5: NS | KV5: NS | KW5: NS | KX5: NS | KY5: NS | KZ5: NS | LA5: NS | LB5: NS | LC5: NS | LD5: NS | LE5: NS | LF5: NS | LG5: NS | LH5: NS | LI5: NS | LJ5: NS | LK5: NS | LL5: NS | LM5: NS | LN5: NS | LO5: NS | LP5: NS | LQ5: NS | LR5: NS | LS5: NS | LT5: NS | LU5: NS | LV5: NS | LW5: NS | LX5: NS | LY5: NS | LZ5: NS | MA5: NS | MB5: NS | MC5: NS | MD5: NS | ME5: NS | MF5: NS | MG5: NS | MH5: NS | MI5: NS | MJ5: NS | MK5: NS | ML5: NS | MM5: NS | MN5: NS | MO5: NS | MP5: NS | MQ5: NS | MR5: NS | MS5: NS | MT5: NS | MU5: NS | MV5: NS | MW5: NS | MX5: NS | MY5: NS | MZ5: NS | NA5: NS | NB5: NS | NC5: NS | ND5: NS | NE5: NS | NF5: NS | NG5: =COUNTIF(F5:NF5,"NS") -> 364 | NH5: =COUNTIF(F5:NF5,"C") -> 1 | NI5: =COUNTIF(F5:NF5,"F") -> 0
A6: ='0_Key'!A5 -> Medium | B6: ='0_Key'!B5 -> Mental | C6: ='0_Key'!D5 -> Weekly | D6: ='0_Key'!E5 -> Wed | E6: ='0_Key'!C5 -> Journaling | F6: C | M6: NS | T6: NS | AA6: NS | AH6: NS | AV6: NS | BC6: NS | BJ6: NS | BQ6: NS | BX6: NS | CE6: NS | CL6: NS | CS6: NS | CZ6: NS | DG6: NS | DN6: NS | DU6: NS | EB6: NS | EI6: NS | EP6: NS | EW6: NS | FD6: NS | FK6: NS | FR6: NS | FY6: NS | GF6: NS | GM6: NS | GT6: NS | HA6: NS | HH6: NS | HO6: NS | HV6: NS | IC6: NS | IJ6: NS | IQ6: NS | IX6: NS | JE6: NS | JL6: NS | JS6: NS | JZ6: NS | KG6: NS | KN6: NS | KU6: NS | LB6: NS | LI6: NS | LP6: NS | LW6: NS | MD6: NS | MK6: NS | MR6: NS | MY6: NS | NF6: NS | NG6: =COUNTIF(F6:NF6,"NS") -> 51 | NH6: =COUNTIF(F6:NF6,"C") -> 1 | NI6: =COUNTIF(F6:NF6,"F") -> 0
A7: ='0_Key'!A6 -> Medium | B7: ='0_Key'!B6 -> Horticultural | C7: ='0_Key'!D6 -> Weekly | D7: ='0_Key'!E6 -> Fri | E7: ='0_Key'!C6 -> Water Plants | H7: NS | O7: NS | V7: NS | AC7: NS | AJ7: NS | AQ7: NS | AX7: NS | BE7: NS | BL7: NS | BS7: NS | BZ7: NS | CG7: NS | CN7: NS | CU7: NS | DB7: NS | DI7: NS | DP7: NS | DW7: NS | ED7: NS | EK7: NS | ER7: NS | EY7: NS | FF7: NS | FM7: NS | FT7: NS | GA7: NS | GH7: NS | GO7: NS | GV7: NS | HC7: NS | HJ7: NS | HQ7: NS | HX7: NS | IE7: NS | IL7: NS | IS7: NS | IZ7: NS | JG7: NS | JN7: NS | JU7: NS | KB7: NS | KI7: NS | KP7: NS | KW7: NS | LD7: NS | LK7: NS | LR7: NS | LY7: NS | MF7: NS | MM7: NS | MT7: NS | NA7: NS | NG7: =COUNTIF(F7:NF7,"NS") -> 52 | NH7: =COUNTIF(F7:NF7,"C") -> 0 | NI7: =COUNTIF(F7:NF7,"F") -> 0
A8: ='0_Key'!A7 -> Medium | B8: ='0_Key'!B7 -> Creative | C8: ='0_Key'!D7 -> Weekly | D8: ='0_Key'!E7 -> Fri-Mon | E8: ='0_Key'!C7 -> SmallBiz / Media Production | H8: NS | I8: NS | J8: NS | K8: NS | V8: NS | W8: NS | X8: NS | Y8: NS | AJ8: NS | AK8: NS | AL8: NS | AM8: NS | AX8: NS | AY8: NS | AZ8: NS | BA8: NS | BL8: NS | BM8: NS | BN8: NS | BO8: NS | BZ8: NS | CA8: NS | CB8: NS | CC8: NS | CN8: NS | CO8: NS | CP8: NS | CQ8: NS | DB8: NS | DC8: NS | DD8: NS | DE8: NS | DP8: NS | DQ8: NS | DR8: NS | DS8: NS | ED8: NS | EE8: NS | EF8: NS | EG8: NS | ER8: NS | ES8: NS | ET8: NS | EU8: NS | FF8: NS | FG8: NS | FH8: NS | FI8: NS | FT8: NS | FU8: NS | FV8: NS | FW8: NS | GH8: NS | GI8: NS | GJ8: NS | GK8: NS | GV8: NS | GW8: NS | GX8: NS | GY8: NS | HJ8: NS | HK8: NS | HL8: NS | HM8: NS | HX8: NS | HY8: NS | HZ8: NS | IA8: NS | IL8: NS | IM8: NS | IN8: NS | IO8: NS | IZ8: NS | JA8: NS | JB8: NS | JC8: NS | JN8: NS | JO8: NS | JP8: NS | JQ8: NS | KB8: NS | KC8: NS | KD8: NS | KE8: NS | KP8: NS | KQ8: NS | KR8: NS | KS8: NS | LD8: NS | LE8: NS | LF8: NS | LG8: NS | LR8: NS | LS8: NS | LT8: NS | LU8: NS | MF8: NS | MG8: NS | MH8: NS | MI8: NS | MM8: NS | MN8: NS | MO8: NS | MP8: NS | MT8: NS | MU8: NS | MV8: NS | MW8: NS | NA8: NS | NB8: NS | NC8: NS | ND8: NS | NG8: =COUNTIF(F8:NF8,"NS") -> 112 | NH8: =COUNTIF(F8:NF8,"C") -> 0 | NI8: =COUNTIF(F8:NF8,"F") -> 0
A9: ='0_Key'!A8 -> Medium | B9: ='0_Key'!B8 -> Extracurricular | C9: ='0_Key'!D8 -> Weekly | D9: ='0_Key'!E8 -> Sat | E9: ='0_Key'!C8 -> Drone | I9: NS | P9: NS | W9: NS | AD9: NS | AK9: NS | AR9: NS | AY9: NS | BF9: NS | BM9: NS | BT9: NS | CA9: NS | CH9: NS | CO9: NS | CV9: NS | DC9: NS | DJ9: NS | DQ9: NS | DX9: NS | EE9: NS | EL9: NS | ES9: NS | EZ9: NS | FG9: NS | FN9: NS | FU9: NS | GB9: NS | GI9: NS | GP9: NS | GW9: NS | HD9: NS | HK9: NS | HR9: NS | HY9: NS | IF9: NS | IM9: NS | IT9: NS | JA9: NS | JH9: NS | JO9: NS | JV9: NS | KC9: NS | KJ9: NS | KQ9: NS | KX9: NS | LE9: NS | LL9: NS | LS9: NS | LZ9: NS | MG9: NS | MN9: NS | MU9: NS | NB9: NS | NG9: =COUNTIF(F9:NF9,"NS") -> 52 | NH9: =COUNTIF(F9:NF9,"C") -> 0 | NI9: =COUNTIF(F9:NF9,"F") -> 0
A10: ='0_Key'!A9 -> High | B10: ='0_Key'!B9 -> Family | C10: ='0_Key'!D9 -> Weekly | D10: ='0_Key'!E9 -> Sun | E10: ='0_Key'!C9 -> Breakfast / Lunch / Dinner | J10: NS | Q10: NS | X10: NS | AE10: NS | AL10: NS | AS10: NS | AZ10: NS | BG10: NS | BN10: NS | BU10: NS | CB10: NS | CI10: NS | CP10: NS | CW10: NS | DD10: NS | DK10: NS | DR10: NS | DY10: NS | EF10: NS | EM10: NS | ET10: NS | FA10: NS | FH10: NS | FO10: NS | FV10: NS | GC10: NS | GJ10: NS | GQ10: NS | GX10: NS | HE10: NS | HL10: NS | HS10: NS | HZ10: NS | IG10: NS | IN10: NS | IU10: NS | JB10: NS | JI10: NS | JP10: NS | JW10: NS | KD10: NS | KK10: NS | KR10: NS | KY10: NS | LF10: NS | LM10: NS | LT10: NS | MA10: NS | MH10: NS | MO10: NS | MV10: NS | NC10: NS | NG10: =COUNTIF(F10:NF10,"NS") -> 52 | NH10: =COUNTIF(F10:NF10,"C") -> 0 | NI10: =COUNTIF(F10:NF10,"F") -> 0
A11: ='0_Key'!A10 -> Medium | B11: ='0_Key'!B10 -> Travel | C11: ='0_Key'!D10 -> Weekly | D11: ='0_Key'!E11 -> Sun | E11: ='0_Key'!C10 -> Q1 '25 - Q3 '25 APAC Trip | Q11: NS | X11: NS | AE11: NS | AL11: NS | AS11: NS | AZ11: NS | BG11: NS | BN11: NS | BU11: NS | CB11: NS | CI11: NS | CP11: NS | CW11: NS | DD11: NS | DK11: NS | DR11: NS | DY11: NS | EF11: NS | EM11: NS | ET11: NS | FA11: NS | FH11: NS | FO11: NS | FV11: NS | GC11: NS | GJ11: NS | GQ11: NS | GX11: NS | HE11: NS | HL11: NS | HS11: NS | HZ11: NS | IG11: NS | IN11: NS | IU11: NS | JB11: NS | JI11: NS | JP11: NS | JW11: NS | KD11: NS | KK11: NS | KR11: NS | KY11: NS | LF11: NS | LM11: NS | LT11: NS | MA11: NS | MH11: NS | MO11: NS | MV11: NS | NC11: NS | NG11: =COUNTIF(F11:NF11,"NS") -> 51 | NH11: =COUNTIF(F11:NF11,"C") -> 0 | NI11: =COUNTIF(F11:NF11,"F") -> 0
A12: ='0_Key'!A11 -> Medium | B12: ='0_Key'!B11 -> Spiritual | C12: ='0_Key'!D11 -> Bi-Weekly | D12: ='0_Key'!E10 -> Sun | E12: ='0_Key'!C11 -> Church / Philanthropy / Charity | Q12: NS | AE12: NS | AS12: NS | BG12: NS | BU12: NS | CI12: NS | CW12: NS | DK12: NS | DY12: NS | EM12: NS | FA12: NS | FO12: NS | GC12: NS | GQ12: NS | HE12: NS | HS12: NS | IG12: NS | IU12: NS | JI12: NS | JW12: NS | KK12: NS | KY12: NS | LM12: NS | MA12: NS | MO12: NS | NC12: NS | NG12: =COUNTIF(F12:NF12,"NS") -> 26 | NH12: =COUNTIF(F12:NF12,"C") -> 0 | NI12: =COUNTIF(F12:NF12,"F") -> 0
E13: Subtotal | NG13: =SUM(NG3:NG12) -> 1486 | NH13: =SUM(NH3:NH12) -> 5 | NI13: =SUM(NI3:NI12) -> 1
A15: Today | C15: =TODAY() -> 46246
A16: Not Started | C16: NS | D16: =NG13 -> 1486
A17: Completed | C17: C | D17: =NH13 -> 5
A18: Failed | C18: F | D18: =NI13 -> 1

Sheet 1_Data
E1: =TODAY() -> 46246 | F1: 45658 | G1: 45659 | H1: 45660 | I1: 45661 | J1: 45662 | K1: 45663 | L1: 45664 | M1: 45665 | N1: 45666 | O1: 45667 | P1: 45668 | Q1: 45669 | R1: 45670 | S1: 45671 | T1: 45672 | U1: 45673 | V1: 45674 | W1: 45675 | X1: 45676 | Y1: 45677 | Z1: 45678 | AA1: 45679 | AB1: 45680 | AC1: 45681 | AD1: 45682 | AE1: 45683 | AF1: 45684 | AG1: 45685 | AH1: 45686 | AI1: 45687 | AJ1: 45688 | AK1: 45689 | AL1: 45690 | AM1: 45691 | AN1: 45692 | AO1: 45693 | AP1: 45694 | AQ1: 45695 | AR1: 45696 | AS1: 45697 | AT1: 45698 | AU1: 45699 | AV1: 45700 | AW1: 45701 | AX1: 45702 | AY1: 45703 | AZ1: 45704 | BA1: 45705 | BB1: 45706 | BC1: 45707 | BD1: 45708 | BE1: 45709 | BF1: 45710 | BG1: 45711 | BH1: 45712 | BI1: 45713 | BJ1: 45714 | BK1: 45715 | BL1: 45716 | BM1: 45717 | BN1: 45718 | BO1: 45719 | BP1: 45720 | BQ1: 45721 | BR1: 45722 | BS1: 45723 | BT1: 45724 | BU1: 45725 | BV1: 45726 | BW1: 45727 | BX1: 45728 | BY1: 45729 | BZ1: 45730 | CA1: 45731 | CB1: 45732 | CC1: 45733 | CD1: 45734 | CE1: 45735 | CF1: 45736 | CG1: 45737 | CH1: 45738 | CI1: 45739 | CJ1: 45740 | CK1: 45741 | CL1: 45742 | CM1: 45743 | CN1: 45744 | CO1: 45745 | CP1: 45746 | CQ1: 45747 | CR1: 45748 | CS1: 45749 | CT1: 45750 | CU1: 45751 | CV1: 45752 | CW1: 45753 | CX1: 45754 | CY1: 45755 | CZ1: 45756 | DA1: 45757 | DB1: 45758 | DC1: 45759 | DD1: 45760 | DE1: 45761 | DF1: 45762 | DG1: 45763 | DH1: 45764 | DI1: 45765 | DJ1: 45766 | DK1: 45767 | DL1: 45768 | DM1: 45769 | DN1: 45770 | DO1: 45771 | DP1: 45772 | DQ1: 45773 | DR1: 45774 | DS1: 45775 | DT1: 45776 | DU1: 45777 | DV1: 45778 | DW1: 45779 | DX1: 45780 | DY1: 45781 | DZ1: 45782 | EA1: 45783 | EB1: 45784 | EC1: 45785 | ED1: 45786 | EE1: 45787 | EF1: 45788 | EG1: 45789 | EH1: 45790 | EI1: 45791 | EJ1: 45792 | EK1: 45793 | EL1: 45794 | EM1: 45795 | EN1: 45796 | EO1: 45797 | EP1: 45798 | EQ1: 45799 | ER1: 45800 | ES1: 45801 | ET1: 45802 | EU1: 45803 | EV1: 45804 | EW1: 45805 | EX1: 45806 | EY1: 45807 | EZ1: 45808 | FA1: 45809 | FB1: 45810 | FC1: 45811 | FD1: 45812 | FE1: 45813 | FF1: 45814 | FG1: 45815 | FH1: 45816 | FI1: 45817 | FJ1: 45818 | FK1: 45819 | FL1: 45820 | FM1: 45821 | FN1: 45822 | FO1: 45823 | FP1: 45824 | FQ1: 45825 | FR1: 45826 | FS1: 45827 | FT1: 45828 | FU1: 45829 | FV1: 45830 | FW1: 45831 | FX1: 45832 | FY1: 45833 | FZ1: 45834 | GA1: 45835 | GB1: 45836 | GC1: 45837 | GD1: 45838 | GE1: 45839 | GF1: 45840 | GG1: 45841 | GH1: 45842 | GI1: 45843 | GJ1: 45844 | GK1: 45845 | GL1: 45846 | GM1: 45847 | GN1: 45848 | GO1: 45849 | GP1: 45850 | GQ1: 45851 | GR1: 45852 | GS1: 45853 | GT1: 45854 | GU1: 45855 | GV1: 45856 | GW1: 45857 | GX1: 45858 | GY1: 45859 | GZ1: 45860 | HA1: 45861 | HB1: 45862 | HC1: 45863 | HD1: 45864 | HE1: 45865 | HF1: 45866 | HG1: 45867 | HH1: 45868 | HI1: 45869 | HJ1: 45870 | HK1: 45871 | HL1: 45872 | HM1: 45873 | HN1: 45874 | HO1: 45875 | HP1: 45876 | HQ1: 45877 | HR1: 45878 | HS1: 45879 | HT1: 45880 | HU1: 45881 | HV1: 45882 | HW1: 45883 | HX1: 45884 | HY1: 45885 | HZ1: 45886 | IA1: 45887 | IB1: 45888 | IC1: 45889 | ID1: 45890 | IE1: 45891 | IF1: 45892 | IG1: 45893 | IH1: 45894 | II1: 45895 | IJ1: 45896 | IK1: 45897 | IL1: 45898 | IM1: 45899 | IN1: 45900 | IO1: 45901 | IP1: 45902 | IQ1: 45903 | IR1: 45904 | IS1: 45905 | IT1: 45906 | IU1: 45907 | IV1: 45908 | IW1: 45909 | IX1: 45910 | IY1: 45911 | IZ1: 45912 | JA1: 45913 | JB1: 45914 | JC1: 45915 | JD1: 45916 | JE1: 45917 | JF1: 45918 | JG1: 45919 | JH1: 45920 | JI1: 45921 | JJ1: 45922 | JK1: 45923 | JL1: 45924 | JM1: 45925 | JN1: 45926 | JO1: 45927 | JP1: 45928 | JQ1: 45929 | JR1: 45930 | JS1: 45931 | JT1: 45932 | JU1: 45933 | JV1: 45934 | JW1: 45935 | JX1: 45936 | JY1: 45937 | JZ1: 45938 | KA1: 45939 | KB1: 45940 | KC1: 45941 | KD1: 45942 | KE1: 45943 | KF1: 45944 | KG1: 45945 | KH1: 45946 | KI1: 45947 | KJ1: 45948 | KK1: 45949 | KL1: 45950 | KM1: 45951 | KN1: 45952 | KO1: 45953 | KP1: 45954 | KQ1: 45955 | KR1: 45956 | KS1: 45957 | KT1: 45958 | KU1: 45959 | KV1: 45960 | KW1: 45961 | KX1: 45962 | KY1: 45963 | KZ1: 45964 | LA1: 45965 | LB1: 45966 | LC1: 45967 | LD1: 45968 | LE1: 45969 | LF1: 45970 | LG1: 45971 | LH1: 45972 | LI1: 45973 | LJ1: 45974 | LK1: 45975 | LL1: 45976 | LM1: 45977 | LN1: 45978 | LO1: 45979 | LP1: 45980 | LQ1: 45981 | LR1: 45982 | LS1: 45983 | LT1: 45984 | LU1: 45985 | LV1: 45986 | LW1: 45987 | LX1: 45988 | LY1: 45989 | LZ1: 45990 | MA1: 45991 | MB1: 45992 | MC1: 45993 | MD1: 45994 | ME1: 45995 | MF1: 45996 | MG1: 45997 | MH1: 45998 | MI1: 45999 | MJ1: 46000 | MK1: 46001 | ML1: 46002 | MM1: 46003 | MN1: 46004 | MO1: 46005 | MP1: 46006 | MQ1: 46007 | MR1: 46008 | MS1: 46009 | MT1: 46010 | MU1: 46011 | MV1: 46012 | MW1: 46013 | MX1: 46014 | MY1: 46015 | MZ1: 46016 | NA1: 46017 | NB1: 46018 | NC1: 46019 | ND1: 46020 | NE1: 46021 | NF1: 46022 | NG1: NS | NH1: C | NI1: F
A2: ='0_Key'!A1 -> Priority | B2: ='0_Key'!B1 -> Type | C2: ='0_Key'!D1 -> Frequency | D2: ='0_Key'!E1 -> Day | E2: Description | Day | F2: 45658 | G2: 45659 | H2: 45660 | I2: 45661 | J2: 45662 | K2: 45663 | L2: 45664 | M2: 45665 | N2: 45666 | O2: 45667 | P2: 45668 | Q2: 45669 | R2: 45670 | S2: 45671 | T2: 45672 | U2: 45673 | V2: 45674 | W2: 45675 | X2: 45676 | Y2: 45677 | Z2: 45678 | AA2: 45679 | AB2: 45680 | AC2: 45681 | AD2: 45682 | AE2: 45683 | AF2: 45684 | AG2: 45685 | AH2: 45686 | AI2: 45687 | AJ2: 45688 | AK2: 45689 | AL2: 45690 | AM2: 45691 | AN2: 45692 | AO2: 45693 | AP2: 45694 | AQ2: 45695 | AR2: 45696 | AS2: 45697 | AT2: 45698 | AU2: 45699 | AV2: 45700 | AW2: 45701 | AX2: 45702 | AY2: 45703 | AZ2: 45704 | BA2: 45705 | BB2: 45706 | BC2: 45707 | BD2: 45708 | BE2: 45709 | BF2: 45710 | BG2: 45711 | BH2: 45712 | BI2: 45713 | BJ2: 45714 | BK2: 45715 | BL2: 45716 | BM2: 45717 | BN2: 45718 | BO2: 45719 | BP2: 45720 | BQ2: 45721 | BR2: 45722 | BS2: 45723 | BT2: 45724 | BU2: 45725 | BV2: 45726 | BW2: 45727 | BX2: 45728 | BY2: 45729 | BZ2: 45730 | CA2: 45731 | CB2: 45732 | CC2: 45733 | CD2: 45734 | CE2: 45735 | CF2: 45736 | CG2: 45737 | CH2: 45738 | CI2: 45739 | CJ2: 45740 | CK2: 45741 | CL2: 45742 | CM2: 45743 | CN2: 45744 | CO2: 45745 | CP2: 45746 | CQ2: 45747 | CR2: 45748 | CS2: 45749 | CT2: 45750 | CU2: 45751 | CV2: 45752 | CW2: 45753 | CX2: 45754 | CY2: 45755 | CZ2: 45756 | DA2: 45757 | DB2: 45758 | DC2: 45759 | DD2: 45760 | DE2: 45761 | DF2: 45762 | DG2: 45763 | DH2: 45764 | DI2: 45765 | DJ2: 45766 | DK2: 45767 | DL2: 45768 | DM2: 45769 | DN2: 45770 | DO2: 45771 | DP2: 45772 | DQ2: 45773 | DR2: 45774 | DS2: 45775 | DT2: 45776 | DU2: 45777 | DV2: 45778 | DW2: 45779 | DX2: 45780 | DY2: 45781 | DZ2: 45782 | EA2: 45783 | EB2: 45784 | EC2: 45785 | ED2: 45786 | EE2: 45787 | EF2: 45788 | EG2: 45789 | EH2: 45790 | EI2: 45791 | EJ2: 45792 | EK2: 45793 | EL2: 45794 | EM2: 45795 | EN2: 45796 | EO2: 45797 | EP2: 45798 | EQ2: 45799 | ER2: 45800 | ES2: 45801 | ET2: 45802 | EU2: 45803 | EV2: 45804 | EW2: 45805 | EX2: 45806 | EY2: 45807 | EZ2: 45808 | FA2: 45809 | FB2: 45810 | FC2: 45811 | FD2: 45812 | FE2: 45813 | FF2: 45814 | FG2: 45815 | FH2: 45816 | FI2: 45817 | FJ2: 45818 | FK2: 45819 | FL2: 45820 | FM2: 45821 | FN2: 45822 | FO2: 45823 | FP2: 45824 | FQ2: 45825 | FR2: 45826 | FS2: 45827 | FT2: 45828 | FU2: 45829 | FV2: 45830 | FW2: 45831 | FX2: 45832 | FY2: 45833 | FZ2: 45834 | GA2: 45835 | GB2: 45836 | GC2: 45837 | GD2: 45838 | GE2: 45839 | GF2: 45840 | GG2: 45841 | GH2: 45842 | GI2: 45843 | GJ2: 45844 | GK2: 45845 | GL2: 45846 | GM2: 45847 | GN2: 45848 | GO2: 45849 | GP2: 45850 | GQ2: 45851 | GR2: 45852 | GS2: 45853 | GT2: 45854 | GU2: 45855 | GV2: 45856 | GW2: 45857 | GX2: 45858 | GY2: 45859 | GZ2: 45860 | HA2: 45861 | HB2: 45862 | HC2: 45863 | HD2: 45864 | HE2: 45865 | HF2: 45866 | HG2: 45867 | HH2: 45868 | HI2: 45869 | HJ2: 45870 | HK2: 45871 | HL2: 45872 | HM2: 45873 | HN2: 45874 | HO2: 45875 | HP2: 45876 | HQ2: 45877 | HR2: 45878 | HS2: 45879 | HT2: 45880 | HU2: 45881 | HV2: 45882 | HW2: 45883 | HX2: 45884 | HY2: 45885 | HZ2: 45886 | IA2: 45887 | IB2: 45888 | IC2: 45889 | ID2: 45890 | IE2: 45891 | IF2: 45892 | IG2: 45893 | IH2: 45894 | II2: 45895 | IJ2: 45896 | IK2: 45897 | IL2: 45898 | IM2: 45899 | IN2: 45900 | IO2: 45901 | IP2: 45902 | IQ2: 45903 | IR2: 45904 | IS2: 45905 | IT2: 45906 | IU2: 45907 | IV2: 45908 | IW2: 45909 | IX2: 45910 | IY2: 45911 | IZ2: 45912 | JA2: 45913 | JB2: 45914 | JC2: 45915 | JD2: 45916 | JE2: 45917 | JF2: 45918 | JG2: 45919 | JH2: 45920 | JI2: 45921 | JJ2: 45922 | JK2: 45923 | JL2: 45924 | JM2: 45925 | JN2: 45926 | JO2: 45927 | JP2: 45928 | JQ2: 45929 | JR2: 45930 | JS2: 45931 | JT2: 45932 | JU2: 45933 | JV2: 45934 | JW2: 45935 | JX2: 45936 | JY2: 45937 | JZ2: 45938 | KA2: 45939 | KB2: 45940 | KC2: 45941 | KD2: 45942 | KE2: 45943 | KF2: 45944 | KG2: 45945 | KH2: 45946 | KI2: 45947 | KJ2: 45948 | KK2: 45949 | KL2: 45950 | KM2: 45951 | KN2: 45952 | KO2: 45953 | KP2: 45954 | KQ2: 45955 | KR2: 45956 | KS2: 45957 | KT2: 45958 | KU2: 45959 | KV2: 45960 | KW2: 45961 | KX2: 45962 | KY2: 45963 | KZ2: 45964 | LA2: 45965 | LB2: 45966 | LC2: 45967 | LD2: 45968 | LE2: 45969 | LF2: 45970 | LG2: 45971 | LH2: 45972 | LI2: 45973 | LJ2: 45974 | LK2: 45975 | LL2: 45976 | LM2: 45977 | LN2: 45978 | LO2: 45979 | LP2: 45980 | LQ2: 45981 | LR2: 45982 | LS2: 45983 | LT2: 45984 | LU2: 45985 | LV2: 45986 | LW2: 45987 | LX2: 45988 | LY2: 45989 | LZ2: 45990 | MA2: 45991 | MB2: 45992 | MC2: 45993 | MD2: 45994 | ME2: 45995 | MF2: 45996 | MG2: 45997 | MH2: 45998 | MI2: 45999 | MJ2: 46000 | MK2: 46001 | ML2: 46002 | MM2: 46003 | MN2: 46004 | MO2: 46005 | MP2: 46006 | MQ2: 46007 | MR2: 46008 | MS2: 46009 | MT2: 46010 | MU2: 46011 | MV2: 46012 | MW2: 46013 | MX2: 46014 | MY2: 46015 | MZ2: 46016 | NA2: 46017 | NB2: 46018 | NC2: 46019 | ND2: 46020 | NE2: 46021 | NF2: 46022
A3: ='0_Key'!A2 -> High | B3: ='0_Key'!B2 -> Professional | C3: ='0_Key'!D2 -> Daily | D3: ='0_Key'!E2 -> Daily | E3: ='0_Key'!C2 -> AI Practitioner / Certifications | F3: C | G3: C | H3: NS | I3: NS | J3: NS | K3: NS | L3: NS | M3: NS | N3: NS | O3: NS | P3: NS | Q3: NS | R3: NS | S3: NS | T3: NS | U3: NS | V3: NS | W3: NS | X3: NS | Y3: NS | Z3: NS | AA3: NS | AB3: NS | AC3: NS | AD3: NS | AE3: NS | AF3: NS | AG3: NS | AH3: NS | AI3: NS | AJ3: NS | AK3: NS | AL3: NS | AM3: NS | AN3: NS | AO3: NS | AP3: NS | AQ3: NS | AR3: NS | AS3: NS | AT3: NS | AU3: NS | AV3: NS | AW3: NS | AX3: NS | AY3: NS | AZ3: NS | BA3: NS | BB3: NS | BC3: NS | BD3: NS | BE3: NS | BF3: NS | BG3: NS | BH3: NS | BI3: NS | BJ3: NS | BK3: NS | BL3: NS | BM3: NS | BN3: NS | BO3: NS | BP3: NS | BQ3: NS | BR3: NS | BS3: NS | BT3: NS | BU3: NS | BV3: NS | BW3: NS | BX3: NS | BY3: NS | BZ3: NS | CA3: NS | CB3: NS | CC3: NS | CD3: NS | CE3: NS | CF3: NS | CG3: NS | CH3: NS | CI3: NS | CJ3: NS | CK3: NS | CL3: NS | CM3: NS | CN3: NS | CO3: NS | CP3: NS | CQ3: NS | CR3: NS | CS3: NS | CT3: NS | CU3: NS | CV3: NS | CW3: NS | CX3: NS | CY3: NS | CZ3: NS | DA3: NS | DB3: NS | DC3: NS | DD3: NS | DE3: NS | DF3: NS | DG3: NS | DH3: NS | DI3: NS | DJ3: NS | DK3: NS | DL3: NS | DM3: NS | DN3: NS | DO3: NS | DP3: NS | DQ3: NS | DR3: NS | DS3: NS | DT3: NS | DU3: NS | DV3: NS | DW3: NS | DX3: NS | DY3: NS | DZ3: NS | EA3: NS | EB3: NS | EC3: NS | ED3: NS | EE3: NS | EF3: NS | EG3: NS | EH3: NS | EI3: NS | EJ3: NS | EK3: NS | EL3: NS | EM3: NS | EN3: NS | EO3: NS | EP3: NS | EQ3: NS | ER3: NS | ES3: NS | ET3: NS | EU3: NS | EV3: NS | EW3: NS | EX3: NS | EY3: NS | EZ3: NS | FA3: NS | FB3: NS | FC3: NS | FD3: NS | FE3: NS | FF3: NS | FG3: NS | FH3: NS | FI3: NS | FJ3: NS | FK3: NS | FL3: NS | FM3: NS | FN3: NS | FO3: NS | FP3: NS | FQ3: NS | FR3: NS | FS3: NS | FT3: NS | FU3: NS | FV3: NS | FW3: NS | FX3: NS | FY3: NS | FZ3: NS | GA3: NS | GB3: NS | GC3: NS | GD3: NS | GE3: NS | GF3: NS | GG3: NS | GH3: NS | GI3: NS | GJ3: NS | GK3: NS | GL3: NS | GM3: NS | GN3: NS | GO3: NS | GP3: NS | GQ3: NS | GR3: NS | GS3: NS | GT3: NS | GU3: NS | GV3: NS | GW3: NS | GX3: NS | GY3: NS | GZ3: NS | HA3: NS | HB3: NS | HC3: NS | HD3: NS | HE3: NS | HF3: NS | HG3: NS | HH3: NS | HI3: NS | HJ3: NS | HK3: NS | HL3: NS | HM3: NS | HN3: NS | HO3: NS | HP3: NS | HQ3: NS | HR3: NS | HS3: NS | HT3: NS | HU3: NS | HV3: NS | HW3: NS | HX3: NS | HY3: NS | HZ3: NS | IA3: NS | IB3: NS | IC3: NS | ID3: NS | IE3: NS | IF3: NS | IG3: NS | IH3: NS | II3: NS | IJ3: NS | IK3: NS | IL3: NS | IM3: NS | IN3: NS | IO3: NS | IP3: NS | IQ3: NS | IR3: NS | IS3: NS | IT3: NS | IU3: NS | IV3: NS | IW3: NS | IX3: NS | IY3: NS | IZ3: NS | JA3: NS | JB3: NS | JC3: NS | JD3: NS | JE3: NS | JF3: NS | JG3: NS | JH3: NS | JI3: NS | JJ3: NS | JK3: NS | JL3: NS | JM3: NS | JN3: NS | JO3: NS | JP3: NS | JQ3: NS | JR3: NS | JS3: NS | JT3: NS | JU3: NS | JV3: NS | JW3: NS | JX3: NS | JY3: NS | JZ3: NS | KA3: NS | KB3: NS | KC3: NS | KD3: NS | KE3: NS | KF3: NS | KG3: NS | KH3: NS | KI3: NS | KJ3: NS | KK3: NS | KL3: NS | KM3: NS | KN3: NS | KO3: NS | KP3: NS | KQ3: NS | KR3: NS | KS3: NS | KT3: NS | KU3: NS | KV3: NS | KW3: NS | KX3: NS | KY3: NS | KZ3: NS | LA3: NS | LB3: NS | LC3: NS | LD3: NS | LE3: NS | LF3: NS | LG3: NS | LH3: NS | LI3: NS | LJ3: NS | LK3: NS | LL3: NS | LM3: NS | LN3: NS | LO3: NS | LP3: NS | LQ3: NS | LR3: NS | LS3: NS | LT3: NS | LU3: NS | LV3: NS | LW3: NS | LX3: NS | LY3: NS | LZ3: NS | MA3: NS | MB3: NS | MC3: NS | MD3: NS | ME3: NS | MF3: NS | MG3: NS | MH3: NS | MI3: NS | MJ3: NS | MK3: NS | ML3: NS | MM3: NS | MN3: NS | MO3: NS | MP3: NS | MQ3: NS | MR3: NS | MS3: NS | MT3: NS | MU3: NS | MV3: NS | MW3: NS | MX3: NS | MY3: NS | MZ3: NS | NA3: NS | NB3: NS | NC3: NS | ND3: NS | NE3: NS | NF3: NS | NG3: =COUNTIF(F3:NF3,"NS") -> 363 | NH3: =COUNTIF(F3:NF3,"C") -> 2 | NI3: =COUNTIF(F3:NF3,"F") -> 0
A4: ='0_Key'!A3 -> High | B4: ='0_Key'!B3 -> Health | C4: ='0_Key'!D3 -> Daily | D4: ='0_Key'!E3 -> Daily | E4: ='0_Key'!C3 -> Speed Ball / Bike / Run | F4: F | G4: C | H4: NS | I4: NS | J4: NS | K4: NS | L4: NS | M4: NS | N4: NS | O4: NS | P4: NS | Q4: NS | R4: NS | S4: NS | T4: NS | U4: NS | V4: NS | W4: NS | X4: NS | Y4: NS | Z4: NS | AA4: NS | AB4: NS | AC4: NS | AD4: NS | AE4: NS | AF4: NS | AG4: NS | AH4: NS | AI4: NS | AJ4: NS | AK4: NS | AL4: NS | AM4: NS | AN4: NS | AO4: NS | AP4: NS | AQ4: NS | AR4: NS | AS4: NS | AT4: NS | AU4: NS | AV4: NS | AW4: NS | AX4: NS | AY4: NS | AZ4: NS | BA4: NS | BB4: NS | BC4: NS | BD4: NS | BE4: NS | BF4: NS | BG4: NS | BH4: NS | BI4: NS | BJ4: NS | BK4: NS | BL4: NS | BM4: NS | BN4: NS | BO4: NS | BP4: NS | BQ4: NS | BR4: NS | BS4: NS | BT4: NS | BU4: NS | BV4: NS | BW4: NS | BX4: NS | BY4: NS | BZ4: NS | CA4: NS | CB4: NS | CC4: NS | CD4: NS | CE4: NS | CF4: NS | CG4: NS | CH4: NS | CI4: NS | CJ4: NS | CK4: NS | CL4: NS | CM4: NS | CN4: NS | CO4: NS | CP4: NS | CQ4: NS | CR4: NS | CS4: NS | CT4: NS | CU4: NS | CV4: NS | CW4: NS | CX4: NS | CY4: NS | CZ4: NS | DA4: NS | DB4: NS | DC4: NS | DD4: NS | DE4: NS | DF4: NS | DG4: NS | DH4: NS | DI4: NS | DJ4: NS | DK4: NS | DL4: NS | DM4: NS | DN4: NS | DO4: NS | DP4: NS | DQ4: NS | DR4: NS | DS4: NS | DT4: NS | DU4: NS | DV4: NS | DW4: NS | DX4: NS | DY4: NS | DZ4: NS | EA4: NS | EB4: NS | EC4: NS | ED4: NS | EE4: NS | EF4: NS | EG4: NS | EH4: NS | EI4: NS | EJ4: NS | EK4: NS | EL4: NS | EM4: NS | EN4: NS | EO4: NS | EP4: NS | EQ4: NS | ER4: NS | ES4: NS | ET4: NS | EU4: NS | EV4: NS | EW4: NS | EX4: NS | EY4: NS | EZ4: NS | FA4: NS | FB4: NS | FC4: NS | FD4: NS | FE4: NS | FF4: NS | FG4: NS | FH4: NS | FI4: NS | FJ4: NS | FK4: NS | FL4: NS | FM4: NS | FN4: NS | FO4: NS | FP4: NS | FQ4: NS | FR4: NS | FS4: NS | FT4: NS | FU4: NS | FV4: NS | FW4: NS | FX4: NS | FY4: NS | FZ4: NS | GA4: NS | GB4: NS | GC4: NS | GD4: NS | GE4: NS | GF4: NS | GG4: NS | GH4: NS | GI4: NS | GJ4: NS | GK4: NS | GL4: NS | GM4: NS | GN4: NS | GO4: NS | GP4: NS | GQ4: NS | GR4: NS | GS4: NS | GT4: NS | GU4: NS | GV4: NS | GW4: NS | GX4: NS | GY4: NS | GZ4: NS | HA4: NS | HB4: NS | HC4: NS | HD4: NS | HE4: NS | HF4: NS | HG4: NS | HH4: NS | HI4: NS | HJ4: NS | HK4: NS | HL4: NS | HM4: NS | HN4: NS | HO4: NS | HP4: NS | HQ4: NS | HR4: NS | HS4: NS | HT4: NS | HU4: NS | HV4: NS | HW4: NS | HX4: NS | HY4: NS | HZ4: NS | IA4: NS | IB4: NS | IC4: NS | ID4: NS | IE4: NS | IF4: NS | IG4: NS | IH4: NS | II4: NS | IJ4: NS | IK4: NS | IL4: NS | IM4: NS | IN4: NS | IO4: NS | IP4: NS | IQ4: NS | IR4: NS | IS4: NS | IT4: NS | IU4: NS | IV4: NS | IW4: NS | IX4: NS | IY4: NS | IZ4: NS | JA4: NS | JB4: NS | JC4: NS | JD4: NS | JE4: NS | JF4: NS | JG4: NS | JH4: NS | JI4: NS | JJ4: NS | JK4: NS | JL4: NS | JM4: NS | JN4: NS | JO4: NS | JP4: NS | JQ4: NS | JR4: NS | JS4: NS | JT4: NS | JU4: NS | JV4: NS | JW4: NS | JX4: NS | JY4: NS | JZ4: NS | KA4: NS | KB4: NS | KC4: NS | KD4: NS | KE4: NS | KF4: NS | KG4: NS | KH4: NS | KI4: NS | KJ4: NS | KK4: NS | KL4: NS | KM4: NS | KN4: NS | KO4: NS | KP4: NS | KQ4: NS | KR4: NS | KS4: NS | KT4: NS | KU4: NS | KV4: NS | KW4: NS | KX4: NS | KY4: NS | KZ4: NS | LA4: NS | LB4: NS | LC4: NS | LD4: NS | LE4: NS | LF4: NS | LG4: NS | LH4: NS | LI4: NS | LJ4: NS | LK4: NS | LL4: NS | LM4: NS | LN4: NS | LO4: NS | LP4: NS | LQ4: NS | LR4: NS | LS4: NS | LT4: NS | LU4: NS | LV4: NS | LW4: NS | LX4: NS | LY4: NS | LZ4: NS | MA4: NS | MB4: NS | MC4: NS | MD4: NS | ME4: NS | MF4: NS | MG4: NS | MH4: NS | MI4: NS | MJ4: NS | MK4: NS | ML4: NS | MM4: NS | MN4: NS | MO4: NS | MP4: NS | MQ4: NS | MR4: NS | MS4: NS | MT4: NS | MU4: NS | MV4: NS | MW4: NS | MX4: NS | MY4: NS | MZ4: NS | NA4: NS | NB4: NS | NC4: NS | ND4: NS | NE4: NS | NF4: NS | NG4: =COUNTIF(F4:NF4,"NS") -> 363 | NH4: =COUNTIF(F4:NF4,"C") -> 1 | NI4: =COUNTIF(F4:NF4,"F") -> 1
A5: ='0_Key'!A4 -> High | B5: ='0_Key'!B4 -> Corporate | C5: ='0_Key'!D4 -> Daily | D5: ='0_Key'!E4 -> Daily | E5: ='0_Key'!C4 -> Project Health | F5: C | G5: NS | H5: NS | I5: NS | J5: NS | K5: NS | L5: NS | M5: NS | N5: NS | O5: NS | P5: NS | Q5: NS | R5: NS | S5: NS | T5: NS | U5: NS | V5: NS | W5: NS | X5: NS | Y5: NS | Z5: NS | AA5: NS | AB5: NS | AC5: NS | AD5: NS | AE5: NS | AF5: NS | AG5: NS | AH5: NS | AI5: NS | AJ5: NS | AK5: NS | AL5: NS | AM5: NS | AN5: NS | AO5: NS | AP5: NS | AQ5: NS | AR5: NS | AS5: NS | AT5: NS | AU5: NS | AV5: NS | AW5: NS | AX5: NS | AY5: NS | AZ5: NS | BA5: NS | BB5: NS | BC5: NS | BD5: NS | BE5: NS | BF5: NS | BG5: NS | BH5: NS | BI5: NS | BJ5: NS | BK5: NS | BL5: NS | BM5: NS | BN5: NS | BO5: NS | BP5: NS | BQ5: NS | BR5: NS | BS5: NS | BT5: NS | BU5: NS | BV5: NS | BW5: NS | BX5: NS | BY5: NS | BZ5: NS | CA5: NS | CB5: NS | CC5: NS | CD5: NS | CE5: NS | CF5: NS | CG5: NS | CH5: NS | CI5: NS | CJ5: NS | CK5: NS | CL5: NS | CM5: NS | CN5: NS | CO5: NS | CP5: NS | CQ5: NS | CR5: NS | CS5: NS | CT5: NS | CU5: NS | CV5: NS | CW5: NS | CX5: NS | CY5: NS | CZ5: NS | DA5: NS | DB5: NS | DC5: NS | DD5: NS | DE5: NS | DF5: NS | DG5: NS | DH5: NS | DI5: NS | DJ5: NS | DK5: NS | DL5: NS | DM5: NS | DN5: NS | DO5: NS | DP5: NS | DQ5: NS | DR5: NS | DS5: NS | DT5: NS | DU5: NS | DV5: NS | DW5: NS | DX5: NS | DY5: NS | DZ5: NS | EA5: NS | EB5: NS | EC5: NS | ED5: NS | EE5: NS | EF5: NS | EG5: NS | EH5: NS | EI5: NS | EJ5: NS | EK5: NS | EL5: NS | EM5: NS | EN5: NS | EO5: NS | EP5: NS | EQ5: NS | ER5: NS | ES5: NS | ET5: NS | EU5: NS | EV5: NS | EW5: NS | EX5: NS | EY5: NS | EZ5: NS | FA5: NS | FB5: NS | FC5: NS | FD5: NS | FE5: NS | FF5: NS | FG5: NS | FH5: NS | FI5: NS | FJ5: NS | FK5: NS | FL5: NS | FM5: NS | FN5: NS | FO5: NS | FP5: NS | FQ5: NS | FR5: NS | FS5: NS | FT5: NS | FU5: NS | FV5: NS | FW5: NS | FX5: NS | FY5: NS | FZ5: NS | GA5: NS | GB5: NS | GC5: NS | GD5: NS | GE5: NS | GF5: NS | GG5: NS | GH5: NS | GI5: NS | GJ5: NS | GK5: NS | GL5: NS | GM5: NS | GN5: NS | GO5: NS | GP5: NS | GQ5: NS | GR5: NS | GS5: NS | GT5: NS | GU5: NS | GV5: NS | GW5: NS | GX5: NS | GY5: NS | GZ5: NS | HA5: NS | HB5: NS | HC5: NS | HD5: NS | HE5: NS | HF5: NS | HG5: NS | HH5: NS | HI5: NS | HJ5: NS | HK5: NS | HL5: NS | HM5: NS | HN5: NS | HO5: NS | HP5: NS | HQ5: NS | HR5: NS | HS5: NS | HT5: NS | HU5: NS | HV5: NS | HW5: NS | HX5: NS | HY5: NS | HZ5: NS | IA5: NS | IB5: NS | IC5: NS | ID5: NS | IE5: NS | IF5: NS | IG5: NS | IH5: NS | II5: NS | IJ5: NS | IK5: NS | IL5: NS | IM5: NS | IN5: NS | IO5: NS | IP5: NS | IQ5: NS | IR5: NS | IS5: NS | IT5: NS | IU5: NS | IV5: NS | IW5: NS | IX5: NS | IY5: NS | IZ5: NS | JA5: NS | JB5: NS | JC5: NS | JD5: NS | JE5: NS | JF5: NS | JG5: NS | JH5: NS | JI5: NS | JJ5: NS | JK5: NS | JL5: NS | JM5: NS | JN5: NS | JO5: NS | JP5: NS | JQ5: NS | JR5: NS | JS5: NS | JT5: NS | JU5: NS | JV5: NS | JW5: NS | JX5: NS | JY5: NS | JZ5: NS | KA5: NS | KB5: NS | KC5: NS | KD5: NS | KE5: NS | KF5: NS | KG5: NS | KH5: NS | KI5: NS | KJ5: NS | KK5: NS | KL5: NS | KM5: NS | KN5: NS | KO5: NS | KP5: NS | KQ5: NS | KR5: NS | KS5: NS | KT5: NS | KU5: NS | KV5: NS | KW5: NS | KX5: NS | KY5: NS | KZ5: NS | LA5: NS | LB5: NS | LC5: NS | LD5: NS | LE5: NS | LF5: NS | LG5: NS | LH5: NS | LI5: NS | LJ5: NS | LK5: NS | LL5: NS | LM5: NS | LN5: NS | LO5: NS | LP5: NS | LQ5: NS | LR5: NS | LS5: NS | LT5: NS | LU5: NS | LV5: NS | LW5: NS | LX5: NS | LY5: NS | LZ5: NS | MA5: NS | MB5: NS | MC5: NS | MD5: NS | ME5: NS | MF5: NS | MG5: NS | MH5: NS | MI5: NS | MJ5: NS | MK5: NS | ML5: NS | MM5: NS | MN5: NS | MO5: NS | MP5: NS | MQ5: NS | MR5: NS | MS5: NS | MT5: NS | MU5: NS | MV5: NS | MW5: NS | MX5: NS | MY5: NS | MZ5: NS | NA5: NS | NB5: NS | NC5: NS | ND5: NS | NE5: NS | NF5: NS | NG5: =COUNTIF(F5:NF5,"NS") -> 364 | NH5: =COUNTIF(F5:NF5,"C") -> 1 | NI5: =COUNTIF(F5:NF5,"F") -> 0
A6: ='0_Key'!A5 -> Medium | B6: ='0_Key'!B5 -> Mental | C6: ='0_Key'!D5 -> Weekly | D6: ='0_Key'!E5 -> Wed | E6: ='0_Key'!C5 -> Journaling | F6: C | M6: NS | T6: NS | AA6: NS | AH6: NS | AV6: NS | BC6: NS | BJ6: NS | BQ6: NS | BX6: NS | CE6: NS | CL6: NS | CS6: NS | CZ6: NS | DG6: NS | DN6: NS | DU6: NS | EB6: NS | EI6: NS | EP6: NS | EW6: NS | FD6: NS | FK6: NS | FR6: NS | FY6: NS | GF6: NS | GM6: NS | GT6: NS | HA6: NS | HH6: NS | HO6: NS | HV6: NS | IC6: NS | IJ6: NS | IQ6: NS | IX6: NS | JE6: NS | JL6: NS | JS6: NS | JZ6: NS | KG6: NS | KN6: NS | KU6: NS | LB6: NS | LI6: NS | LP6: NS | LW6: NS | MD6: NS | MK6: NS | MR6: NS | MY6: NS | NF6: NS | NG6: =COUNTIF(F6:NF6,"NS") -> 51 | NH6: =COUNTIF(F6:NF6,"C") -> 1 | NI6: =COUNTIF(F6:NF6,"F") -> 0
A7: ='0_Key'!A6 -> Medium | B7: ='0_Key'!B6 -> Horticultural | C7: ='0_Key'!D6 -> Weekly | D7: ='0_Key'!E6 -> Fri | E7: ='0_Key'!C6 -> Water Plants | H7: NS | O7: NS | V7: NS | AC7: NS | AJ7: NS | AQ7: NS | AX7: NS | BE7: NS | BL7: NS | BS7: NS | BZ7: NS | CG7: NS | CN7: NS | CU7: NS | DB7: NS | DI7: NS | DP7: NS | DW7: NS | ED7: NS | EK7: NS | ER7: NS | EY7: NS | FF7: NS | FM7: NS | FT7: NS | GA7: NS | GH7: NS | GO7: NS | GV7: NS | HC7: NS | HJ7: NS | HQ7: NS | HX7: NS | IE7: NS | IL7: NS | IS7: NS | IZ7: NS | JG7: NS | JN7: NS | JU7: NS | KB7: NS | KI7: NS | KP7: NS | KW7: NS | LD7: NS | LK7: NS | LR7: NS | LY7: NS | MF7: NS | MM7: NS | MT7: NS | NA7: NS | NG7: =COUNTIF(F7:NF7,"NS") -> 52 | NH7: =COUNTIF(F7:NF7,"C") -> 0 | NI7: =COUNTIF(F7:NF7,"F") -> 0
A8: ='0_Key'!A7 -> Medium | B8: ='0_Key'!B7 -> Creative | C8: ='0_Key'!D7 -> Weekly | D8: ='0_Key'!E7 -> Fri-Mon | E8: ='0_Key'!C7 -> SmallBiz / Media Production | H8: NS | I8: NS | J8: NS | K8: NS | V8: NS | W8: NS | X8: NS | Y8: NS | AJ8: NS | AK8: NS | AL8: NS | AM8: NS | AX8: NS | AY8: NS | AZ8: NS | BA8: NS | BL8: NS | BM8: NS | BN8: NS | BO8: NS | BZ8: NS | CA8: NS | CB8: NS | CC8: NS | CN8: NS | CO8: NS | CP8: NS | CQ8: NS | DB8: NS | DC8: NS | DD8: NS | DE8: NS | DP8: NS | DQ8: NS | DR8: NS | DS8: NS | ED8: NS | EE8: NS | EF8: NS | EG8: NS | ER8: NS | ES8: NS | ET8: NS | EU8: NS | FF8: NS | FG8: NS | FH8: NS | FI8: NS | FT8: NS | FU8: NS | FV8: NS | FW8: NS | GH8: NS | GI8: NS | GJ8: NS | GK8: NS | GV8: NS | GW8: NS | GX8: NS | GY8: NS | HJ8: NS | HK8: NS | HL8: NS | HM8: NS | HX8: NS | HY8: NS | HZ8: NS | IA8: NS | IL8: NS | IM8: NS | IN8: NS | IO8: NS | IZ8: NS | JA8: NS | JB8: NS | JC8: NS | JN8: NS | JO8: NS | JP8: NS | JQ8: NS | KB8: NS | KC8: NS | KD8: NS | KE8: NS | KP8: NS | KQ8: NS | KR8: NS | KS8: NS | LD8: NS | LE8: NS | LF8: NS | LG8: NS | LR8: NS | LS8: NS | LT8: NS | LU8: NS | MF8: NS | MG8: NS | MH8: NS | MI8: NS | MM8: NS | MN8: NS | MO8: NS | MP8: NS | MT8: NS | MU8: NS | MV8: NS | MW8: NS | NA8: NS | NB8: NS | NC8: NS | ND8: NS | NG8: =COUNTIF(F8:NF8,"NS") -> 112 | NH8: =COUNTIF(F8:NF8,"C") -> 0 | NI8: =COUNTIF(F8:NF8,"F") -> 0
A9: ='0_Key'!A8 -> Medium | B9: ='0_Key'!B8 -> Extracurricular | C9: ='0_Key'!D8 -> Weekly | D9: ='0_Key'!E8 -> Sat | E9: ='0_Key'!C8 -> Drone | I9: NS | P9: NS | W9: NS | AD9: NS | AK9: NS | AR9: NS | AY9: NS | BF9: NS | BM9: NS | BT9: NS | CA9: NS | CH9: NS | CO9: NS | CV9: NS | DC9: NS | DJ9: NS | DQ9: NS | DX9: NS | EE9: NS | EL9: NS | ES9: NS | EZ9: NS | FG9: NS | FN9: NS | FU9: NS | GB9: NS | GI9: NS | GP9: NS | GW9: NS | HD9: NS | HK9: NS | HR9: NS | HY9: NS | IF9: NS | IM9: NS | IT9: NS | JA9: NS | JH9: NS | JO9: NS | JV9: NS | KC9: NS | KJ9: NS | KQ9: NS | KX9: NS | LE9: NS | LL9: NS | LS9: NS | LZ9: NS | MG9: NS | MN9: NS | MU9: NS | NB9: NS | NG9: =COUNTIF(F9:NF9,"NS") -> 52 | NH9: =COUNTIF(F9:NF9,"C") -> 0 | NI9: =COUNTIF(F9:NF9,"F") -> 0
A10: ='0_Key'!A9 -> High | B10: ='0_Key'!B9 -> Family | C10: ='0_Key'!D9 -> Weekly | D10: ='0_Key'!E9 -> Sun | E10: ='0_Key'!C9 -> Breakfast / Lunch / Dinner | J10: NS | Q10: NS | X10: NS | AE10: NS | AL10: NS | AS10: NS | AZ10: NS | BG10: NS | BN10: NS | BU10: NS | CB10: NS | CI10: NS | CP10: NS | CW10: NS | DD10: NS | DK10: NS | DR10: NS | DY10: NS | EF10: NS | EM10: NS | ET10: NS | FA10: NS | FH10: NS | FO10: NS | FV10: NS | GC10: NS | GJ10: NS | GQ10: NS | GX10: NS | HE10: NS | HL10: NS | HS10: NS | HZ10: NS | IG10: NS | IN10: NS | IU10: NS | JB10: NS | JI10: NS | JP10: NS | JW10: NS | KD10: NS | KK10: NS | KR10: NS | KY10: NS | LF10: NS | LM10: NS | LT10: NS | MA10: NS | MH10: NS | MO10: NS | MV10: NS | NC10: NS | NG10: =COUNTIF(F10:NF10,"NS") -> 52 | NH10: =COUNTIF(F10:NF10,"C") -> 0 | NI10: =COUNTIF(F10:NF10,"F") -> 0
A11: ='0_Key'!A10 -> Medium | B11: ='0_Key'!B10 -> Travel | C11: ='0_Key'!D10 -> Weekly | D11: ='0_Key'!E11 -> Sun | E11: ='0_Key'!C10 -> Q1 '25 - Q3 '25 APAC Trip | Q11: NS | X11: NS | AE11: NS | AL11: NS | AS11: NS | AZ11: NS | BG11: NS | BN11: NS | BU11: NS | CB11: NS | CI11: NS | CP11: NS | CW11: NS | DD11: NS | DK11: NS | DR11: NS | DY11: NS | EF11: NS | EM11: NS | ET11: NS | FA11: NS | FH11: NS | FO11: NS | FV11: NS | GC11: NS | GJ11: NS | GQ11: NS | GX11: NS | HE11: NS | HL11: NS | HS11: NS | HZ11: NS | IG11: NS | IN11: NS | IU11: NS | JB11: NS | JI11: NS | JP11: NS | JW11: NS | KD11: NS | KK11: NS | KR11: NS | KY11: NS | LF11: NS | LM11: NS | LT11: NS | MA11: NS | MH11: NS | MO11: NS | MV11: NS | NC11: NS | NG11: =COUNTIF(F11:NF11,"NS") -> 51 | NH11: =COUNTIF(F11:NF11,"C") -> 0 | NI11: =COUNTIF(F11:NF11,"F") -> 0
A12: ='0_Key'!A11 -> Medium | B12: ='0_Key'!B11 -> Spiritual | C12: ='0_Key'!D11 -> Bi-Weekly | D12: ='0_Key'!E10 -> Sun | E12: ='0_Key'!C11 -> Church / Philanthropy / Charity | Q12: NS | AE12: NS | AS12: NS | BG12: NS | BU12: NS | CI12: NS | CW12: NS | DK12: NS | DY12: NS | EM12: NS | FA12: NS | FO12: NS | GC12: NS | GQ12: NS | HE12: NS | HS12: NS | IG12: NS | IU12: NS | JI12: NS | JW12: NS | KK12: NS | KY12: NS | LM12: NS | MA12: NS | MO12: NS | NC12: NS | NG12: =COUNTIF(F12:NF12,"NS") -> 26 | NH12: =COUNTIF(F12:NF12,"C") -> 0 | NI12: =COUNTIF(F12:NF12,"F") -> 0
E13: Subtotal | NG13: =SUM(NG3:NG12) -> 1486 | NH13: =SUM(NH3:NH12) -> 5 | NI13: =SUM(NI3:NI12) -> 1
A15: Today | C15: =TODAY() -> 46246
A16: Not Started | C16: NS | D16: =NG13 -> 1486
A17: Completed | C17: C | D17: =NH13 -> 5
A18: Failed | C18: F | D18: =NI13 -> 1

Sheet 2_Results
B1: X | C1: %
A2: Weeks Since Start | B2: =ROUNDDOWN(('1_Data'!E1-'1_Data'!F1)/7,0) -> 84 | C2: =B2/52 -> 1.6153846
A3: Weeks Remaining | B3: =52-B2 -> -32 | C3: =B3/52 -> -0.61538462
A4: Days Since Start | B4: =ROUNDDOWN(('1_Data'!E1-'1_Data'!F1)/1,0) -> 588 | C4: =B4/365 -> 1.6109589
A5: Days Remaining | B5: =365-B4 -> -223 | C5: =B5/365 -> -0.6109589
B7: ='1_Data'!NG1 -> NS | C7: ='1_Data'!NH1 -> C | D7: F | E7: Goal (# of days) | F7: Progress | G7: Buffer (days)
A8: ='1_Data'!E3 -> AI Practitioner / Certifications | B8: ='1_Data'!NG3 -> 363 | C8: ='1_Data'!NH3 -> 2 | D8: ='1_Data'!NI3 -> 0 | E8: 208 | F8: =C8/E8 -> 0.0096153846 | G8: =$B$5-E8 -> -431
A9: ='1_Data'!E4 -> Speed Ball / Bike / Run | B9: ='1_Data'!NG4 -> 363 | C9: ='1_Data'!NH4 -> 1 | D9: ='1_Data'!NI4 -> 1 | E9: 208 | F9: =C9/E9 -> 0.0048076923 | G9: =$B$5-E9 -> -431
A10: ='1_Data'!E5 -> Project Health | B10: ='1_Data'!NG5 -> 364 | C10: ='1_Data'!NH5 -> 1 | D10: ='1_Data'!NI5 -> 0 | E10: 300 | F10: =C10/E10 -> 0.0033333333 | G10: =$B$5-E10 -> -523
A11: ='1_Data'!E6 -> Journaling | B11: ='1_Data'!NG6 -> 51 | C11: ='1_Data'!NH6 -> 1 | D11: ='1_Data'!NI6 -> 0 | E11: 100 | F11: =C11/E11 -> 0.01 | G11: =$B$5-E11 -> -323
A12: ='1_Data'!E7 -> Water Plants | B12: ='1_Data'!NG7 -> 52 | C12: ='1_Data'!NH7 -> 0 | D12: ='1_Data'!NI7 -> 0 | E12: 300 | F12: =C12/E12 -> 0 | G12: =$B$5-E12 -> -523
A13: ='1_Data'!E8 -> SmallBiz / Media Production | B13: ='1_Data'!NG8 -> 112 | C13: ='1_Data'!NH8 -> 0 | D13: ='1_Data'!NI8 -> 0 | E13: 320 | F13: =C13/E13 -> 0 | G13: =$B$5-E13 -> -543
A14: ='1_Data'!E9 -> Drone | B14: ='1_Data'!NG9 -> 52 | C14: ='1_Data'!NH9 -> 0 | D14: ='1_Data'!NI9 -> 0 | E14: 250 | F14: =C14/E14 -> 0 | G14: =$B$5-E14 -> -473
A15: ='1_Data'!E10 -> Breakfast / Lunch / Dinner | B15: ='1_Data'!NG10 -> 52 | C15: ='1_Data'!NH10 -> 0 | D15: ='1_Data'!NI10 -> 0 | E15: 250 | F15: =C15/E15 -> 0 | G15: =$B$5-E15 -> -473
A16: ='1_Data'!E11 -> Q1 '25 - Q3 '25 APAC Trip | B16: ='1_Data'!NG11 -> 51 | C16: ='1_Data'!NH11 -> 0 | D16: ='1_Data'!NI11 -> 0
A17: ='1_Data'!E12 -> Church / Philanthropy / Charity | B17: ='1_Data'!NG12 -> 26 | C17: ='1_Data'!NH12 -> 0 | D17: ='1_Data'!NI12 -> 0
B18: =SUM(B8:B17) -> 1486 | C18: =SUM(C8:C17) -> 5 | D18: =SUM(D8:D17) -> 1
